{
  "description": {
    "title": "",
    "text": "Nosso serviço de atendimento ao consumidor está disponível para atendê-lo de segunda a sexta-feira das 8h às 17h."
  },
  "links_1": {
    "list_pages": false,
    "title": "",
    "list": []
  },
  "links_2": {
    "list_categories": false,
    "title": "",
    "list": []
  },
  "contacts": {
    "title": "AJUDA & CONTATO",
    "phone_wpp": true,
    "socials": false,
    "email": false,
    "address": true
  },
  "stamps": [],
  "payment_methods": {
    "bb": false,
    "visa": true,
    "boleto": false,
    "aura": false,
    "banrisul": false,
    "elo": false,
    "hipercard": false,
    "hsbc": false,
    "bradesco": false,
    "mastercard": true,
    "citibank": false,
    "mais": false,
    "pix": true,
    "itau": false
  },
  "credits": ""
}