{
  "meta_title": "",
  "meta_description": "",
  "sections": [
    {
      "type": "banner-slider",
      "autoplay": 0,
      "full_width": true,
      "slides": [
        {
          "start": "",
          "end": "",
          "img": "/img/uploads/mini-banner-1mizuno.gif",
          "link": ""
        }
      ]
    },
    {
      "type": "banner-slider",
      "autoplay": 0,
      "full_width": true,
      "slides": []
    },
    {
      "type": "info-bar",
      "enabled": true
    },
    {
      "type": "collection-shelf",
      "shuffle": false,
      "limit": 12,
      "page": 1,
      "headless": true,
      "sort": "slug"
    },
    {
      "type": "dynamic-showcase",
      "load_more": true,
      "sort": "slug"
    }
  ]
}